r/r_min,V(r),F(r)
0.8,6.9225206971168305,-161.0582694411274
0.8012012012012012,6.731238687095836,-157.43984177300695
0.8024024024024025,6.544254632413126,-153.90186159106088
0.8036036036036036,6.361473015440185,-150.4424783106166
0.8048048048048049,6.18280051454706,-147.05988598704894
0.806006006006006,6.008145951164732,-143.752322182417
0.8072072072072073,5.83742023819009,-140.5180668623821
0.8084084084084084,5.670536329698564,-137.35544132257306
0.8096096096096097,5.507409171928859,-134.26280714356074
0.8108108108108109,5.347955655506509,-131.23856517364996
0.812012012012012,5.192094568872542,-128.2811545386976
0.8132132132132133,5.03974655288617,-125.389051678218
0.8144144144144144,4.8908340565695925,-122.56076940702802
0.8156156156156157,4.7452812939649665,-119.7948560017264
0.8168168168168168,4.6030142020743865,-117.08989431132015
0.8180180180180181,4.463960399853661,-114.44450089131686
0.8192192192192193,4.328049148232842,-111.85732516064527
0.8204204204204205,4.195211311135627,-109.3270485807561
0.8216216216216217,4.065379317472252,-106.8523838563063
0.8228228228228228,3.938487124079523,-104.43207415681577
0.8240240240240241,3.81447017958366,-102.06489235872753
0.8252252252252252,3.6932653891616267,-99.74964030730635
0.8264264264264265,3.574811080177252,-97.48514809782651
0.8276276276276276,3.459046968669689,-95.27027337552653
0.8288288288288289,3.3459141266716133,-93.10390065380827
0.8300300300300301,3.2353549503357177,-90.98494065018508
0.8312312312312313,3.1273131288485017,-88.91232963949263
0.8324324324324325,3.021733614110836,-86.88502882389061
0.8336336336336336,2.918562591165312,-84.90202371919463
0.8348348348348349,2.8177474493513843,-82.96232355710066
0.836036036036036,2.719236754168999,-81.0649607028603
0.8372372372372373,2.622980219832745,-79.2089900879937
0.8384384384384385,2.528928682498652,-77.39348865763095
0.8396396396396397,2.437034074146138,-75.61755483208269
0.8408408408408409,2.3472493970984623,-73.88030798225888
0.842042042042042,2.2595286991651538,-72.18088791855911
0.8432432432432433,2.1738270493904084,-70.51845439287052
0.8444444444444444,2.090100514392131,-68.89218661332364
0.8456456456456457,2.0083061352761957,-67.30128277145717
0.8468468468468469,1.9284019051115608,-65.74495958146494
0.8480480480480481,1.8503467469515966,-64.22245183119414
0.8492492492492493,1.7741004923879533,-62.733011944585044
0.8504504504504505,1.6996238606232579,-61.275909555243196
0.8516516516516517,1.626878438049559,-59.8504310908482
0.852852852852853,1.5558266583195062,-58.45587936810712
0.8540540540540541,1.4864317828980163,-57.091573197975784
0.8552552552552553,1.4186578820820266,-55.75684700087037
0.8564564564564565,1.3524698164766074,-54.45105043160605
0.8576576576576577,1.2878332189159059,-53.17354801380394
0.8588588588588589,1.2247144768176668,-51.923718783515206
0.8600600600600601,1.1630807149604152,-50.70095594181832
0.8612612612612613,1.1028997786726773,-49.504666516152085
0.8624624624624625,1.0441402174238865,-48.33427103015426
0.8636636636636636,0.9867712688068604,-47.18920318178044
0.8648648648648649,0.9307628429020403,-46.06890952948545
0.8660660660660661,0.8760855070140758,-44.97284918625784
0.8672672672672673,0.8227104707711126,-43.90049352129452
0.8684684684684685,0.770609571578162,-42.85132586912397
0.8696696696696697,0.7197552604153055,-41.8248412459743
0.8708708708708709,0.67012058797253,-40.82054607320439
0.8720720720720722,0.6216791911124,-39.83795790760528
0.8732732732732733,0.5744052796529298,-38.876605178402215
0.8744744744744746,0.528273623462157,-37.936026930772165
0.8756756756756757,0.4832595398571984,-37.01577257571687
0.8768768768768769,0.43933888129987775,-36.115401646119025
0.8780780780780781,0.39648802338179934,-35.23448355882489
0.8792792792792793,0.35468385309172223,-34.37259738259718
0.8804804804804806,0.31390375735809695,-33.52933161178281
0.8816816816816817,0.2741256118602351,-32.704283945552284
0.882882882882883,0.2353277701012697,-31.897061072562465
0.8840840840840841,0.19748905273674122,-31.107278460907803
0.8852852852852853,0.16058873715221367,-30.334560153217613
0.8864864864864865,0.12460654728412379,-29.57853856677275
0.8876876876876877,0.08952264367773122,-28.83885429850941
0.888888888888889,0.05531761377642219,-28.1151559347854
0.8900900900900901,0.021972462436745666,-27.407099865787337
0.8912912912912914,-0.010531397336376092,-26.714350104458983
0.8924924924924925,-0.04221215343953899,-26.036578109836785
0.8936936936936938,-0.07308760351120869,-25.373462614677344
0.8948948948948949,-0.10317516356744827,-24.724689457271122
0.8960960960960962,-0.13249187643816374,-24.089951417331804
0.8972972972972973,-0.16105442000854753,-23.468948055861183
0.8984984984984985,-0.18887911527056467,-22.86138555888555
0.8996996996996998,-0.2159819341889655,-22.266976584967786
0.9009009009009009,-0.24237850738636801,-21.685440116398084
0.9021021021021022,-0.2680841316517557,-21.116501313970492
0.9033033033033033,-0.293113777276631,-20.559891375254978
0.9045045045045046,-0.31748209522299264,-20.015347396276237
0.9057057057057057,-0.34120342412714777,-19.482612236514044
0.9069069069069069,-0.3642917971433306,-18.9614343871407
0.9081081081081082,-0.3867609486309509,-18.45156784241466
0.9093093093093093,-0.40862432068919485,-17.952771974151343
0.9105105105105106,-0.4298950695426811,-17.464811409192926
0.9117117117117117,-0.4505860717816672,-16.9874559098032
0.912912912912913,-0.4707099304603335,-16.520480256913096
0.9141141141141141,-0.4902789810564743,-16.063664136146752
0.9153153153153153,-0.5093052972959313,-15.616792026557842
0.9165165165165166,-0.527800696844972,-15.1796530920089
0.9177177177177178,-0.5457767468737345,-14.752041075128144
0.918918918918919,-0.563244769493823,-14.333754193779043
0.9201201201201201,-0.5802158470730188,-13.92459503998052
0.9213213213213214,-0.5967008274300087,-13.524370481217241
0.9225225225225225,-0.6127103289119669,-13.132891564080602
0.9237237237237238,-0.6282547453577871,-12.74997342018202
0.924924924924925,-0.6433442509495992,-12.375435174283878
0.9261261261261262,-0.6579888049552727,-12.009099854591508
0.9273273273273274,-0.6721981563644017,-11.650794305154667
0.9285285285285285,-0.6859818484203308,-11.300349100325242
0.9297297297297298,-0.6993492230506266,-10.957598461221226
0.9309309309309309,-0.7123094251983821,-10.622380174147738
0.9321321321321322,-0.724871407056694,-10.29453551092638
0.9333333333333333,-0.7370439322085485,-9.97390915108704
0.9345345345345346,-0.7488355796743424,-9.660349105875953
0.9357357357357358,-0.7602547478691957,-9.35370664403573
0.9369369369369369,-0.7713096584721524,-9.053836219314023
0.9381381381381382,-0.7820083602093177,-8.760595399658897
0.9393393393393394,-0.7923587325529402,-8.47384479805953
0.9405405405405406,-0.8023684893383858,-8.193448004992337
0.9417417417417417,-0.8120451823009138,-7.9192715224332915
0.942942942942943,-0.8213962045341123,-7.651184699398657
0.9441441441441442,-0.8304287938717885,-7.3890596689772
0.9453453453453454,-0.8391500361951258,-7.132771286816933
0.9465465465465466,-0.8475668686667797,-6.882197071032466
0.9477477477477478,-0.8556860828936514,-6.637217143497239
0.948948948948949,-0.8635143280199347,-6.397714172488508
0.9501501501501501,-0.8710581137520779,-6.163573316651458
0.9513513513513514,-0.8783238133172104,-5.934682170251117
0.9525525525525526,-0.8853176663565543,-5.710930709681284
0.9537537537537538,-0.8920457817553369,-5.492211241199639
0.954954954954955,-0.898514140410628,-5.278418349860359
0.9561561561561562,-0.9047285979385551,-5.069448849614834
0.9573573573573574,-0.9106948873222571,-4.865201734553057
0.9585585585585585,-0.9164186215019419,-4.6655781312581075
0.9597597597597598,-0.9219052959083718,-4.470481252247124
0.9609609609609611,-0.9271602909410581,-4.279816350473039
0.9621621621621622,-0.9321888743924245,-4.093490674861695
0.9633633633633634,-0.9369962038191815,-3.9114134268594367
0.9645645645645646,-0.9415873288620884,-3.733495717967651
0.9657657657657658,-0.9459671935152938,-3.5596505282404127
0.966966966966967,-0.95014063834639,-3.3897926657224278
0.9681681681681682,-0.9541124026682946,-3.223838726805273
0.9693693693693695,-0.9578871266640556,-3.061707057479736
0.9705705705705706,-0.9614693534656387,-2.9033177154635044
0.9717717717717718,-0.9648635311877405,-2.7485924331832052
0.972972972972973,-0.9680740149176317,-2.5974545815908696
0.9741741741741742,-0.9711050686620379,-2.4498291347949364
0.9753753753753754,-0.9739608672520066,-2.3056426354868425
0.9765765765765766,-0.9766454982067152,-2.1648231611443003
0.9777777777777779,-0.9791629635571428,-2.027300290993104
0.978978978978979,-0.9815171816304988,-1.893005073709765
0.9801801801801802,-0.9837119887962946,-1.7618699958472988
0.9813813813813814,-0.9857511411749136,-1.6338289509676658
0.9825825825825827,-0.9876383163095175,-1.5088172094640167
0.9837837837837838,-0.9893771148021142,-1.3867713890566695
0.984984984984985,-0.9909710619145748,-1.2676294259472791
0.9861861861861863,-0.9924236091353966,-1.151330546615594
0.9873873873873874,-0.9937381357129595,-1.0378152402441965
0.9885885885885886,-0.9949179501560328,-0.9270252317561114
0.9897897897897898,-0.9959662917022563,-0.8189034554515848
0.9909909909909911,-0.9968863317553047,-0.7133940292297903
0.9921921921921922,-0.997681175291431,-0.6104422293819391
0.9933933933933934,-0.998353862236071,-0.5099944659427116
0.9945945945945946,-0.9989073688111665,-0.4119982585868996
0.9957957957957958,-0.9993446088538556,-0.31640221305892635
0.9969969969969971,-0.9996684351071683,-0.22315599812254266
0.9981981981981982,-0.9998816404833344,-0.13221032301915564
0.9993993993993995,-0.9999869593003192,-0.04351691542277507
1.0006006006006007,-0.9999870684921693,0.042971500119803545
1.0018018018018018,-0.9998845887937455,0.1273012232745819
1.003003003003003,-0.9996820859004074,0.20951759854282748
1.0042042042042043,-0.9993820716032015,0.2896650354307667
1.0054054054054054,-0.9989870049000842,0.367787028177203
1.0066066066066066,-0.9984992930837124,0.4439261750489131
1.0078078078078079,-0.9979212928063078,0.5181241972137547
1.0090090090090091,-0.9972553111221016,0.5904219572012405
1.0102102102102102,-0.9965036065078463,0.6608594769599211
1.0114114114114114,-0.9956683898618754,0.7294759555207557
1.0126126126126127,-0.9947518254821774,0.7963097862753374
1.013813813813814,-0.9937560320239419,0.8613985738780304
1.015015015015015,-0.9926830834370255,0.9247791507801936
1.0162162162162163,-0.9915350098837713,0.9864875934051854
1.0174174174174175,-0.9903137986376143,1.046559237971945
1.0186186186186186,-0.9890213949628829,1.1050286959754267
1.0198198198198198,-0.9876597029762081,1.1619298693315023
1.021021021021021,-0.9862305864899418,1.2172959651938318
1.0222222222222221,-0.9847358698379663,1.2711595104502833
1.0234234234234234,-0.9831773386842801,1.323552365906052
1.0246246246246247,-0.9815567408147347,1.3745057401604572
1.025825825825826,-0.9798757869122775,1.4240502031844753
1.027027027027027,-0.9781361513160702,1.472215699605559
1.0282282282282282,-0.9763394727648105,1.5190315617065158
1.0294294294294295,-0.9744873551246195,1.5645265221446305
1.0306306306306308,-0.9725813681018081,1.6087287263975003
1.0318318318318318,-0.970623047940858,1.6516657449416048
1.033033033033033,-0.968613898107929,1.6933645851696302
1.0342342342342343,-0.9665553899602086,1.7338517030522942
1.0354354354354354,-0.9644489634014001,1.7731530145505408
1.0366366366366366,-0.9622960275236516,1.8112939067835272
1.037837837837838,-0.9600979612362152,1.8482992489578696
1.0390390390390392,-0.9578561138811147,1.884193403063544
1.0402402402402402,-0.9555718058361073,1.919000234341529
1.0414414414414415,-0.9532463291052028,1.952743121528333
1.0426426426426427,-0.9508809478970113,1.9854449668822798
1.043843843843844,-0.9484768991911731,2.017128205996508
1.045045045045045,-0.9460353932931306,2.0478148174032595
1.0462462462462463,-0.9435576143774804,2.0775263319742514
1.0474474474474476,-0.9410447210201628,2.106283842121422
1.0486486486486486,-0.9384978467197095,2.1341080108026733
1.0498498498498499,-0.9359181004077899,2.1610190803367813
1.0510510510510511,-0.9333065669492859,2.1870368810316942
1.0522522522522522,-0.9306643076321066,2.212180839630384
1.0534534534534534,-0.9279923606469688,2.2364699875782046
1.0546546546546547,-0.925291741557351,2.2599229691157072
1.055855855855856,-0.9225634437598311,2.2825580492007207
1.0570570570570572,-0.9198084389350034,2.304393121263506
1.0582582582582583,-0.9170276774891862,2.3254457147985406
1.0594594594594595,-0.9142220889870979,2.345733002796601
1.0606606606606608,-0.911392582575709,2.365271809020581
1.0618618618618618,-0.9085400473994395,2.384078615128478
1.063063063063063,-0.9056653530068908,2.402169567646898
1.0642642642642643,-0.9027693497492952,2.4195604847982892
1.0654654654654654,-0.8998528691708442,2.436266863185168
1.0666666666666667,-0.8969167243910725,2.452303884334371
1.067867867867868,-0.8939617104794698,2.4676864211044274
1.0690690690690692,-0.8909886048224696,2.4824290439589953
1.0702702702702704,-0.8879981674829835,2.4965460271093143
1.0714714714714715,-0.8849911415526386,2.510051354528445
1.0726726726726727,-0.8819682534968583,2.522958725840142
1.073873873873874,-0.8789302134929499,2.5352815620850135
1.075075075075075,-0.8758777157613388,2.5470330113666697
1.0762762762762763,-0.8728114388900817,2.5582259543804415
1.0774774774774776,-0.8697320461528215,2.5688730098271564
1.0786786786786786,-0.8666401858202972,2.5789865397145233
1.0798798798798799,-0.8635364914655551,2.5885786545485074
1.0810810810810811,-0.8604215822629906,2.5976612184170498
1.0822822822822822,-0.8572960632813436,2.6062458539684785
1.0834834834834834,-0.8541605257707772,2.614343947286862
1.0846846846846847,-0.851015547444165,2.621966652666501
1.085885885885886,-0.8478616927526953,2.6291248972877472
1.0870870870870872,-0.8446995131559238,2.635829385796239
1.0882882882882883,-0.8415295473863764,2.6420906047876476
1.0894894894894895,-0.8383523217088267,2.6479188271999297
1.0906906906906908,-0.8351683501743479,2.6533241166150687
1.0918918918918918,-0.8319781348692543,2.6583163314722507
1.093093093093093,-0.8287821661590273,2.662905129194352
1.0942942942942944,-0.825580922927347,2.667099970229585
1.0954954954954954,-0.8223748728103082,2.670910122010105
1.0966966966966967,-0.8191644724259348,2.6743446628293706
1.097897897897898,-0.8159501675990883,2.6774124856399415
1.0990990990990992,-0.8127323935818529,2.6801223017734443
1.1003003003003005,-0.8095115752695059,2.6824826445843213
1.1015015015015015,-0.8062881274121525,2.684501873019016
1.1027027027027028,-0.8030624548221167,2.6861881751121386
1.103903903903904,-0.7998349525771774,2.6875495714111777
1.105105105105105,-0.7966060062197344,2.6885939183312666
1.1063063063063063,-0.79337599195198,2.6893289114414722
1.1075075075075076,-0.7901452768271695,2.689762088684059
1.1087087087087086,-0.7869142189370646,2.6899008335281454
1.10990990990991,-0.7836831675956183,2.6897523780591217
1.1111111111111112,-0.7804524635189998,2.6893238060052003
1.1123123123123124,-0.7772224390020116,2.688622055702397
1.1135135135135135,-0.7739934180909844,2.687653922999259
1.1147147147147147,-0.7707657167532176,2.686426064102596
1.115915915915916,-0.7675396430430381,2.6849449983654456
1.1171171171171173,-0.764315497264543,2.683217111018493
1.1183183183183183,-0.7610935721310943,2.68124865584613
1.1195195195195196,-0.7578741529216326,2.679045757808308
1.1207207207207208,-0.7546575176338718,2.6766144156093046
1.1219219219219219,-0.7514439371344445,2.673960504214554
1.1231231231231231,-0.748233675306046,2.671089777316567
1.1243243243243244,-0.7450269891916554,2.6680078697510545
1.1255255255255254,-0.74182412913588,2.66472029986427
1.1267267267267267,-0.7386253389234796,2.661232471832572
1.127927927927928,-0.7354308559151448,2.657549677935239
1.1291291291291292,-0.7322409111805611,2.6536771007814672
1.1303303303303305,-0.7290557296288318,2.6496198154925303
1.1315315315315315,-0.725875530136304,2.6453827918400266
1.1327327327327328,-0.7227005256718484,2.6409708963411074
1.133933933933934,-0.719530923419658,2.63638889431161
1.135135135135135,-0.7163669248995941,2.6316414518779356
1.1363363363363364,-0.7132087260851447,2.6267331379485355
1.1375375375375376,-0.710056517519041,2.6216684261458596
1.1387387387387387,-0.7069104844265733,2.616451696699549
1.13993993993994,-0.703770806826654,2.6110872383017
1.1411411411411412,-0.7006376596406818,2.6055792499249786
1.1423423423423424,-0.6975112127992348,2.5999318426043305
1.1435435435435437,-0.6943916313466509,2.5941490411830648
1.1447447447447447,-0.6912790755435314,2.588234786024024
1.145945945945946,-0.6881737009672033,2.5821929346865566
1.1471471471471473,-0.6850756586102011,2.576027263570027
1.1483483483483483,-0.6819850949767774,2.5697414695244944
1.1495495495495496,-0.6789021521775107,2.5633391714292886
1.1507507507507508,-0.675826968022031,2.556823911740104
1.1519519519519519,-0.6727596761099064,2.550199158005276
1.1531531531531531,-0.6697004059197242,2.5434683043518582
1.1543543543543544,-0.6666492828964102,2.536634672942129
1.1555555555555554,-0.6636064285368111,2.529701515401125
1.1567567567567567,-0.6605719604735791,2.522672014215786
1.157957957957958,-0.6575459925573974,2.515549284106316
1.1591591591591592,-0.6545286349375703,2.508336373370291
1.1603603603603605,-0.651519994141015,2.5010362652000993
1.1615615615615615,-0.6485201731496908,2.49365187897424
1.1627627627627628,-0.6455292714764853,2.4861860715230137
1.163963963963964,-0.642547385239605,2.478641638369142
1.165165165165165,-0.6395746072354818,2.4710213149437936
1.1663663663663664,-0.636611027010237,2.463327777778545
1.1675675675675676,-0.6336567309297289,2.4555636456737546
1.1687687687687687,-0.6307118022482086,2.4477314808438195
1.16996996996997,-0.6277763211756145,2.439833790039796
1.1711711711711712,-0.6248503649435322,2.431873025649832
1.1723723723723725,-0.6219340078698452,2.423851586777874
1.1735735735735737,-0.6190273214221031,2.4157718203010647
1.1747747747747748,-0.6161303742796311,2.4076360219062845
1.175975975975976,-0.613243232394407,2.3994464371062407
1.1771771771771773,-0.6103659590507324,2.3912052622355393
1.1783783783783783,-0.6074986149237163,2.3829146454271095
1.1795795795795796,-0.6046412581365959,2.374576687569403
1.1807807807807809,-0.6017939443169245,2.366193443244754
1.181981981981982,-0.5989567266516388,2.357766921649259
1.1831831831831832,-0.596129655941033,2.349299087494568
1.1843843843843844,-0.5933127806516609,2.340791861891943
1.1855855855855857,-0.5905061469681886,2.3322471232189406
1.186786786786787,-0.5877097988442112,2.3236667079690574
1.187987987987988,-0.5849237780520645,2.315052411584703
1.1891891891891893,-0.5821481242316406,2.3064059892738005
1.1903903903903905,-0.5793828749382387,2.2977291568103855
1.1915915915915916,-0.5766280656894596,2.2890235913194865
1.1927927927927928,-0.5738837300111632,2.2802909320466025
1.193993993993994,-0.5711498994825203,2.2715327811121258
1.1951951951951951,-0.5684266037801586,2.2627507042509585
1.1963963963963964,-0.5657138707214319,2.253946231537651
1.1975975975975977,-0.5630117263068285,2.2451208580973394
1.1987987987987987,-0.5603201947615325,2.2362760448027736
1.2,-0.5576392985761529,2.2274132189576896
1.2012012012012012,-0.5549690585466476,2.2185337749668403
1.2024024024024025,-0.5523094938134416,2.2096390749928974
1.2036036036036037,-0.5496606218997716,2.2007304496005355
1.2048048048048048,-0.5470224587492598,2.191809198387916
1.206006006006006,-0.5443950187627353,2.1828765906058334
1.2072072072072073,-0.5417783148343257,2.1739338657647846
1.2084084084084084,-0.5391723583868209,2.1649822342301728
1.2096096096096096,-0.5365771594063281,2.1560228778058934
1.2108108108108109,-0.53399272647624,2.147056950306551
1.212012012012012,-0.531419066810514,2.138085578118491
1.2132132132132132,-0.5288561862862869,2.1291098607499
1.2144144144144144,-0.5263040894758395,2.120130871370194
1.2156156156156157,-0.5237627796779133,2.111149657338872
1.216816816816817,-0.5212322589484014,2.1021672407240795
1.218018018018018,-0.5187125281304237,2.0931846188110645
1.2192192192192193,-0.5162035868837922,2.084202764600728
1.2204204204204205,-0.5137054337138912,2.075222627298476
1.2216216216216216,-0.5112180659999688,2.066245132793547
1.2228228228228228,-0.5087414800228613,2.0572711841290108
1.224024024024024,-0.5062756709921594,2.0483016619626238
1.2252252252252251,-0.5038206330728257,2.0393374250187266
1.2264264264264264,-0.5013763594112706,2.030379310531327
1.2276276276276277,-0.49894284216090945,2.0214281346786
1.228828828828829,-0.496520072507195,2.0124846930089135
1.23003003003003,-0.49410804069214764,2.0035497608585855
1.2312312312312312,-0.49170673603838577,1.9946240937615092
1.2324324324324325,-0.48931614697267206,1.985708427850835
1.2336336336336338,-0.4869362610489806,1.976803480252838
1.2348348348348348,-0.4845670649710933,1.9679099494731276
1.236036036036036,-0.48220854461474016,1.9590285157753633
1.2372372372372373,-0.47986068504928714,1.9501598415526156
1.2384384384384384,-0.4775234705589848,1.9413045716915154
1.2396396396396396,-0.4751968846637785,1.9324633339293193
1.240840840840841,-0.4728809101397008,1.9236367392040667
1.242042042042042,-0.4705755290388417,1.9148253819979149
1.2432432432432432,-0.46828072270891197,1.9060298406738208
1.2444444444444445,-0.4659964718124091,1.8972506778056932
1.2456456456456457,-0.4637227563453866,1.8884884405021274
1.246846846846847,-0.46145955565583935,1.8797436607238573
1.248048048048048,-0.45920684846171245,1.8710168555950566
1.2492492492492493,-0.4569646128685375,1.8623085277085836
1.2504504504504506,-0.4547328263867094,1.853619165425323
1.2516516516516516,-0.4525114659484043,1.8449492431677048
1.2528528528528529,-0.4503005079241474,1.8362992217075256
1.2540540540540541,-0.4480999281390418,1.827669548448201
1.2552552552552552,-0.4459097018886604,1.8190606577015307
1.2564564564564564,-0.4437298039546048,1.8104729709590865
1.2576576576576577,-0.4415602086197488,1.801906897158357
1.258858858858859,-0.43940088968315827,1.793362832943705
1.2600600600600602,-0.4372518204747043,1.784841162922275
1.2612612612612613,-0.4351129738693717,1.7763422599149328
1.2624624624624625,-0.43298432230126666,1.7678664852023265
1.2636636636636638,-0.4308658377773359,1.759414188766191
1.2648648648648648,-0.42875749189079465,1.7509857095259511
1.266066066066066,-0.4266592558342751,1.7425813755707373
1.2672672672672673,-0.4245711004126996,1.7342015043869101
1.2684684684684684,-0.42249299605588186,1.72584640308115
1.2696696696696697,-0.42042491283086114,1.7175163685992185
1.270870870870871,-0.41836682045398255,1.7092116879404933
1.272072072072072,-0.41631868830271423,1.7009326383683072
1.2732732732732732,-0.4142804854272194,1.69267948761622
1.2744744744744745,-0.4122521805616821,1.6844524940902816
1.2756756756756757,-0.4102337421353903,1.6762519070673572
1.276876876876877,-0.40822513828358736,1.6680779668896148
1.278078078078078,-0.40622633685808685,1.6599309051552142
1.2792792792792793,-0.4042373054376637,1.6518109449052976
1.2804804804804806,-0.40225801133822403,1.6437183008073548
1.2816816816816816,-0.40028842162275424,1.635653179335008
1.2828828828828829,-0.3983285031110558,1.6276157789442978
1.2840840840840841,-0.39637822238927456,1.6196062902465613
1.2852852852852852,-0.3944375458192206,1.6116248961779231
1.2864864864864864,-0.39250643954748543,1.6036717721654916
1.2876876876876877,-0.39058486951436755,1.5957470862903347
1.288888888888889,-0.38867280146259703,1.5878509994472616
1.2900900900900902,-0.38677020094587494,1.5799836655015054
1.2912912912912913,-0.38487703333722395,1.5721452314423454
1.2924924924924925,-0.3829932638371567,1.5643358375337355
1.2936936936936938,-0.3811188574816667,1.5565556174620045
1.2948948948948948,-0.3792537791500409,1.5488046984806614
1.296096096096096,-0.3773979935725008,1.5410832015523812
1.2972972972972974,-0.3755514653376767,1.5333912414882256
1.2984984984984984,-0.37371415889991416,1.5257289270841363
1.2996996996996997,-0.3718860385864172,1.5180963612547609
1.300900900900901,-0.37006706860423644,1.510493641164674
1.302102102102102,-0.36825721304709663,1.5029208583570228
1.3033033033033035,-0.36645643590207344,1.495378098879658
1.3045045045045045,-0.3646647010561216,1.487865443408805
1.3057057057057058,-0.36288197230245123,1.4803829673702977
1.306906906906907,-0.3611082133467658,1.4729307410584576
1.308108108108108,-0.35934338781335423,1.4655088297526246
1.3093093093093093,-0.35758745925104635,1.4581172938314158
1.3105105105105106,-0.35584039113903243,1.4507561888847378
1.3117117117117116,-0.3541021468925494,1.4434255658236037
1.312912912912913,-0.35237268986843556,1.4361254709877869
1.3141141141141142,-0.35065198337055853,1.4288559462513692
1.3153153153153152,-0.3489399906551179,1.4216170291262096
1.3165165165165167,-0.3472366749358203,1.414408752863364
1.3177177177177177,-0.34554199938894437,1.4072311465525484
1.318918918918919,-0.343855927158273,1.4000842352195864
1.3201201201201203,-0.3421784213599224,1.3929680399219857
1.3213213213213213,-0.3405094450870512,1.3858825778426065
1.3225225225225226,-0.3388489614144582,1.3788278623814807
1.3237237237237238,-0.33719693340307333,1.371803903245827
1.3249249249249249,-0.33555332410434,1.3648107065382822
1.3261261261261261,-0.33391809656449223,1.3578482748433847
1.3273273273273274,-0.33229121382873006,1.350916607312353
1.3285285285285284,-0.3306726389452939,1.344015699746183
1.32972972972973,-0.3290623349694383,1.3371455446770903
1.330930930930931,-0.3274602649673133,1.3303061314483577
1.332132132132132,-0.3258663920197435,1.3234974462925646
1.3333333333333335,-0.32428067922592135,1.3167194724082936
1.3345345345345345,-0.32270308970700745,1.3099721900353032
1.3357357357357358,-0.3211335866096367,1.3032555765281868
1.336936936936937,-0.3195721331093427,1.2965696064285852
1.338138138138138,-0.3180186924138939,1.2899142515359534
1.3393393393393394,-0.3164732277665455,1.2832894809769095
1.3405405405405406,-0.31493570244920865,1.276695261273204
1.3417417417417417,-0.3134060797855404,1.2701315564083298
1.342942942942943,-0.3118843231439515,1.2635983278927907
1.3441441441441442,-0.3103703959405408,1.2570955348280801
1.3453453453453452,-0.3088642616419496,1.2506231339693563
1.3465465465465467,-0.3073658837681417,1.244181079786864
1.3477477477477477,-0.30587522589511634,1.2377693245261445
1.348948948948949,-0.3043922516575399,1.2313878182669942
1.3501501501501503,-0.3029169247513151,1.2250365089812671
1.3513513513513513,-0.3014492089360791,1.218715342589503
1.3525525525525526,-0.2999890680376333,1.2124242630164048
1.3537537537537538,-0.2985364659503079,1.2061632122452026
1.3549549549549549,-0.2970913666392633,1.1999321303709178
1.3561561561561561,-0.29565373414272417,1.193730955652538
1.3573573573573574,-0.2942235325741569,1.1875596245641484
1.3585585585585584,-0.2928007261243818,1.181418071845012
1.35975975975976,-0.2913852790636271,1.1753062305486324
1.360960960960961,-0.2899771557435275,1.169224032090833
1.362162162162162,-0.28857632059905886,1.163171406296823
1.3633633633633635,-0.28718273815042383,1.1571482814473366
1.3645645645645645,-0.28579637300488114,1.151154584323815
1.3657657657657658,-0.2844171898585154,1.1451902402526464
1.366966966966967,-0.28304515349796255,1.1392551731485276
1.368168168168168,-0.2816802288020797,1.1333493055569182
1.3693693693693694,-0.28032238074356264,1.1274725586956158
1.3705705705705706,-0.2789715743905174,1.1216248524954886
1.3717717717717717,-0.2776277749079837,1.115806105640365
1.372972972972973,-0.27629094755940575,1.1100162356060812
1.3741741741741742,-0.27496105770806334,1.104255158698745
1.3753753753753752,-0.273638070818453,1.0985227900921888
1.3765765765765767,-0.2723219524576256,1.0928190438646472
1.3777777777777778,-0.2710126682964831,1.0871438330346828
1.378978978978979,-0.26971018411102615,1.0814970695963386
1.3801801801801803,-0.26841446578356787,1.0758786645535838
1.3813813813813813,-0.2671254793039008,1.0702885279540193
1.3825825825825826,-0.26584319077042606,1.0647265689218823
1.3837837837837839,-0.2645675663912438,1.0591926956903615
1.384984984984985,-0.2632985724852035,1.053686815633225
1.3861861861861862,-0.26203617548291747,1.0482088352957832
1.3873873873873874,-0.260780341927739,1.0427586604252028
1.3885885885885885,-0.25953103847670284,1.037336196000173
1.38978978978979,-0.2582882319014288,1.031941346259937
1.390990990990991,-0.25705188908899657,1.0265740147327245
1.3921921921921923,-0.25582197704277976,1.0212341042635555
1.3933933933933935,-0.25459846288325105,1.0159215170414626
1.3945945945945946,-0.2533813138487556,1.0106361546261342
1.3957957957957958,-0.2521704972962486,1.0053779179739695
1.396996996996997,-0.25096598070200704,1.000146707463594
1.3981981981981981,-0.24976773166230803,0.9949424229208101
1.3993993993993994,-0.24857571789407656,0.9897649636430068
1.4006006006006007,-0.24738990723550824,0.9846142284230559
1.4018018018018017,-0.24621026764665993,0.979490115572673
1.4030030030030032,-0.2450367672100132,0.9743925229452738
1.4042042042042042,-0.24386937413101373,0.9693213479583418
1.4054054054054053,-0.24270805673857923,0.9642764876152871
1.4066066066066067,-0.24155278348558484,0.9592578385268399
1.4078078078078078,-0.2404035229493234,0.9542652969319729
1.409009009009009,-0.23926024383193759,0.9492987587183486
1.4102102102102103,-0.23812291496083143,0.9443581194423295
1.4114114114114114,-0.2369915052890565,0.9394432743485358
1.4126126126126126,-0.2358659838956726,0.93455411838896
1.4138138138138139,-0.23474631998609144,0.9296905462416758
1.415015015015015,-0.2336324828923925,0.9248524523291065
1.4162162162162162,-0.23252444207361864,0.9200397308358867
1.4174174174174174,-0.23142216711605365,0.915252275726335
1.4186186186186185,-0.23032562773347487,0.9104899807615134
1.41981981981982,-0.22923479376738726,0.905752739515907
1.421021021021021,-0.2281496351872389,0.901040445393728
1.4222222222222223,-0.22707012209061456,0.8963529916448351
1.4234234234234235,-0.22599622470341205,0.8916902713802984
1.4246246246246246,-0.224927913380001,0.8870521775876036
1.4258258258258258,-0.22386515860336034,0.8824386031454959
1.427027027027027,-0.22280793098520185,0.8778494408384934
1.4282282282282281,-0.2217562012660741,0.8732845833710502
1.4294294294294294,-0.22070994031544988,0.868743923381393
1.4306306306306307,-0.21966911913179857,0.8642273534550361
1.4318318318318317,-0.21863370884264083,0.8597347661379708
1.4330330330330332,-0.21760368070458844,0.8552660539495469
1.4342342342342342,-0.216579006103369,0.8508211093950476
1.4354354354354355,-0.21555965655383488,0.8463998249779605
1.4366366366366368,-0.21454560369995837,0.8420020932119587
1.4378378378378378,-0.21353681931481305,0.837627806632592
1.439039039039039,-0.21253327530053917,0.8332768578086892
1.4402402402402403,-0.21153494368829867,0.8289491393534952
1.4414414414414414,-0.2105417966382146,0.8246445439355237
1.4426426426426426,-0.20955380643929694,0.8203629642891448
1.443843843843844,-0.20857094550935992,0.8161042932249221
1.445045045045045,-0.20759318639492244,0.8118684236396804
1.4462462462462464,-0.2066205017710989,0.8076552485263253
1.4474474474474475,-0.20565286444147918,0.8034646609834263
1.4486486486486485,-0.20469024733799385,0.7992965542245384
1.44984984984985,-0.2037326235207726,0.7951508215873078
1.451051051051051,-0.20277996617798916,0.7910273565423352
1.4522522522522523,-0.20183224862569624,0.7869260527018099
1.4534534534534536,-0.20088944430764996,0.7828468038279233
1.4546546546546546,-0.1999515267951261,0.7787895038410704
1.4558558558558559,-0.1990184697867235,0.7747540468278226
1.4570570570570571,-0.19809024710816106,0.7707403270487054
1.4582582582582582,-0.19716683271206392,0.7667482389457622
1.4594594594594594,-0.19624820067774054,0.7627776771499153
1.4606606606606607,-0.19533432521095206,0.7588285364881359
1.4618618618618617,-0.1944251806436723,0.754900711990414
1.4630630630630632,-0.19352074143383927,0.7509940988965387
1.4642642642642643,-0.19262098216510093,0.7471085926627024
1.4654654654654655,-0.19172587754654902,0.7432440889679042
1.4666666666666668,-0.19083540241244948,0.7394004837201938
1.4678678678678678,-0.18994953172196313,0.735577673062729
1.469069069069069,-0.189068240558859,0.7317755533796616
1.4702702702702704,-0.1881915041312223,0.7279940213018617
1.4714714714714714,-0.18731929777115494,0.7242329737124753
1.4726726726726727,-0.18645159693446745,0.7204923077523107
1.473873873873874,-0.1855883772003688,0.716771920825085
1.475075075075075,-0.18472961427114576,0.7130717106025002
1.4762762762762764,-0.18387528397183828,0.7093915750291718
1.4774774774774775,-0.18302536224990967,0.7057314123274159
1.4786786786786785,-0.18217982517490913,0.7020911210018782
1.47987987987988,-0.18133864893813,0.6984705998440296
1.481081081081081,-0.18050180985226444,0.6948697479365245
1.4822822822822823,-0.1796692843510481,0.6912884646574068
1.4834834834834836,-0.17884104898890485,0.6877266496842
1.4846846846846846,-0.17801708044058492,0.6841842029978584
1.4858858858858859,-0.1771973555007961,0.6806610248865825
1.4870870870870871,-0.17638185108383472,0.6771570159495232
1.4882882882882882,-0.1755705442232088,0.6736720771003526
1.4894894894894894,-0.17476341207125795,0.6702061095707124
1.4906906906906907,-0.17396043189877,0.6667590149135528
1.4918918918918918,-0.1731615810945931,0.6633306950063498
1.4930930930930932,-0.1723668371652435,0.6599210520542077
1.4942942942942943,-0.17157617773451111,0.656529988592857
1.4954954954954955,-0.17078958054305907,0.6531574074915331
1.4966966966966968,-0.17000702344802304,0.6498032119557617
1.4978978978978978,-0.1692284844226053,0.6464673055300313
1.499099099099099,-0.16845394155566482,0.6431495921003612
1.5003003003003004,-0.16768337305130718,0.6398499758967807
1.5015015015015014,-0.1669167572284691,0.6365683614957011
1.5027027027027027,-0.1661540725205004,0.633304653822192
1.503903903903904,-0.16539529747474535,0.6300587581521729
1.505105105105105,-0.16464041075211866,0.6268305801145032
1.5063063063063065,-0.16388939112668072,0.6236200256929856
1.5075075075075075,-0.16314221748521068,0.6204270012282882
1.5087087087087088,-0.16239886882677532,0.617251413419767
1.50990990990991,-0.16165932426229865,0.6140931693272202
1.511111111111111,-0.16092356301412705,0.6109521763725493
1.5123123123123123,-0.16019156441559332,0.6078283423413415
1.5135135135135136,-0.15946330791057944,0.604721575384379
1.5147147147147146,-0.15873877305307668,0.6016317840190648
1.515915915915916,-0.158017939506744,0.5985588771307747
1.5171171171171172,-0.15730078704446634,0.5955027639741413
1.5183183183183182,-0.15658729554790962,0.5924633541742582
1.5195195195195197,-0.1558774450070742,0.5894405577278136
1.5207207207207207,-0.1551712155198505,0.5864342850041697
1.5219219219219218,-0.15446858729156757,0.5834444467463498
1.5231231231231233,-0.15376954063454562,0.5804709540719821
1.5243243243243243,-0.15307405596764534,0.5775137184741688
1.5255255255255256,-0.15238211381581546,0.5745726518222904
1.5267267267267268,-0.15169369480964182,0.5716476663627574
1.5279279279279279,-0.15100877968489249,0.5687386747196911
1.5291291291291291,-0.15032734928206445,0.5658455898955523
1.5303303303303304,-0.14964938454592902,0.5629683252717133
1.5315315315315314,-0.14897486652507602,0.5601067946089692
1.5327327327327327,-0.14830377637145742,0.5572609120479955
1.533933933933934,-0.1476360953399316,0.5544305921097579
1.535135135135135,-0.14697180478780578,0.5516157496958605
1.5363363363363365,-0.1463108861743782,0.5488163000888473
1.5375375375375375,-0.145653321060482,0.5460321589524605
1.5387387387387388,-0.14499909110802486,0.5432632423318334
1.53993993993994,-0.14434817807953274,0.5405094666536535
1.541141141141141,-0.14370056383769064,0.5377707487262682
1.5423423423423424,-0.14305623034488382,0.5350470057397466
1.5435435435435436,-0.14241515966274015,0.532338155265902
1.5447447447447447,-0.14177733395167105,0.5296441152582654
1.545945945945946,-0.14114273547041267,0.5269648040520175
1.5471471471471472,-0.14051134657556785,0.5243001403638824
1.5483483483483482,-0.1398831497211487,0.5216500432919817
1.5495495495495497,-0.13925812745811658,0.5190144323156399
1.5507507507507508,-0.13863626243392654,0.516393227295168
1.551951951951952,-0.13801753739206848,0.5137863484715929
1.5531531531531533,-0.13740193517161006,0.5111937164663605
1.5543543543543543,-0.13678943870674098,0.5086152522810025
1.5555555555555556,-0.136180031026315,0.5060508772967616
1.5567567567567568,-0.13557369525339574,0.5035005132741934
1.5579579579579579,-0.13497041460480008,0.5009640823527264
1.5591591591591591,-0.134370172390644,0.498441507050194
1.5603603603603604,-0.1337729520138879,0.4959327102623343
1.5615615615615615,-0.1331787369698836,0.49343761526226193
1.562762762762763,-0.13258751084592033,0.4909561456999028
1.563963963963964,-0.1319992573207741,0.48848822560141286
1.565165165165165,-0.13141396016425416,0.486033779368552
1.5663663663663665,-0.13083160323675352,0.4835927317780449
1.5675675675675675,-0.13025217048879906,0.48116500798091044
1.5687687687687688,-0.129675645960601,0.47875053350175817
1.56996996996997,-0.12910201378160638,0.4763492342380735
1.571171171171171,-0.12853125817005,0.4739610364594641
1.5723723723723724,-0.127963363432509,0.4715858668068922
1.5735735735735736,-0.1273983139634568,0.4692236522918791
1.5747747747747747,-0.12683609424481826,0.46687432029568726
1.575975975975976,-0.12627668884552654,0.46453779856848204
1.5771771771771772,-0.12572008242108013,0.46221401522847094
1.5783783783783782,-0.12516625971310166,0.4599028987610234
1.5795795795795797,-0.12461520554889673,0.45760437801776593
1.5807807807807808,-0.12406690484101529,0.45531838221566556
1.581981981981982,-0.12352134258681284,0.45304484093608594
1.5831831831831833,-0.1229785038680135,0.4507836841238311
1.5843843843843843,-0.12243837385027419,0.4485348420861684
1.5855855855855856,-0.12190093778274909,0.44629824549183283
1.5867867867867869,-0.12136618099765682,0.4440738253700182
1.587987987987988,-0.12083408890984847,0.4418615131093523
1.5891891891891892,-0.12030464701637467,0.4396612404568467
1.5903903903903904,-0.1197778408960579,0.4374729395168469
1.5915915915915915,-0.11925365620906249,0.4352965427499538
1.592792792792793,-0.11873207869646751,0.4331319829719368
1.593993993993994,-0.11821309417984173,0.43097919335263607
1.5951951951951953,-0.11769668856081769,0.4288381074148426
1.5963963963963965,-0.11718284782066912,0.42670865903317295
1.5975975975975976,-0.11667155801988922,0.42459078243292997
1.5987987987987988,-0.11616280529776937,0.4224844121889467
1.6,-0.11565657587198064,0.42038948322442554
1.6012012012012011,-0.1151528560381559,0.41830593080976103
1.6024024024024024,-0.11465163216947293,0.4162336905613519
1.6036036036036037,-0.1141528907162403,0.41417269844040683
1.6048048048048047,-0.11365661820548367,0.412122890751736
1.606006006006006,-0.11316280124053316,0.4100842041425322
1.6072072072072072,-0.11267142650061408,0.40805657560114883
1.6084084084084083,-0.11218248074043653,0.40603994245585984
1.6096096096096097,-0.1116959507897883,0.404034242373617
1.6108108108108108,-0.1112118235531299,0.4020394133588021
1.612012012012012,-0.1107300860091879,0.4000553937519586
1.6132132132132133,-0.11025072521055376,0.3980821222285301
1.6144144144144144,-0.1097737282832811,0.39611953779758163
1.6156156156156156,-0.1092990824264863,0.39416757980051803
1.6168168168168169,-0.10882677491195035,0.3922261879097969
1.618018018018018,-0.108356793083721,0.39029530212762975
1.6192192192192192,-0.10788912435771848,0.38837486278468336
1.6204204204204204,-0.10742375622134089,0.3864648105387703
1.6216216216216215,-0.10696067623307283,0.3845650863735387
1.622822822822823,-0.10649987202209389,0.3826756315971506
1.624024024024024,-0.10604133128789063,0.3807963878409631
1.6252252252252253,-0.10558504179986834,0.37892729705819733
1.6264264264264265,-0.10513099139696536,0.3770683015226069
1.6276276276276276,-0.10467916798726966,0.37521934382714456
1.6288288288288288,-0.10422955954763485,0.373380366882617
1.63003003003003,-0.1037821541233003,0.371551313916345
1.6312312312312311,-0.10333693982751145,0.369732128470815
1.6324324324324324,-0.10289390484114157,0.36792275440232647
1.6336336336336337,-0.10245303741231647,0.3661231358796424
1.6348348348348347,-0.10201432585603916,0.36433321738262914
1.6360360360360362,-0.10157775855381751,0.3625529437008999
1.6372372372372372,-0.10114332395329298,0.36078225993245355
1.6384384384384383,-0.10071101056787064,0.35902111148231014
1.6396396396396398,-0.10028080697635099,0.3572694440611449
1.6408408408408408,-0.099852701822565,0.3555272036839267
1.642042042042042,-0.09942668381500758,0.3537943366685425
1.6432432432432433,-0.09900274172647582,0.35207078963443267
1.6444444444444444,-0.09858086439370718,0.3503565095012192
1.6456456456456456,-0.09816104071701968,0.3486514434873326
1.646846846846847,-0.09774325965995372,0.34695553910864035
1.648048048048048,-0.09732751024891598,0.3452687441770743
1.6492492492492492,-0.09691378157282406,0.34359100679925547
1.6504504504504505,-0.09650206278275394,0.3419222753751224
1.6516516516516515,-0.09609234309158825,0.34026249859655644
1.652852852852853,-0.09568461177366577,0.3386116254460057
1.654054054054054,-0.09527885816443454,0.33696960519511604
1.6552552552552553,-0.09487507166010409,0.3353363874033536
1.6564564564564566,-0.09447324171730116,0.3337119219166342
1.6576576576576576,-0.09407335785272618,0.33209615886595006
1.6588588588588589,-0.0936754096428119,0.33048904866600004
1.6600600600600601,-0.09327938672338307,0.32889054201381734
1.6612612612612612,-0.09288527878931864,0.3273005898874024
1.6624624624624624,-0.09249307559421455,0.3257191435443527
1.6636636636636637,-0.09210276695004892,0.324146154520497
1.6648648648648647,-0.0917143427268489,0.32258157462853054
1.6660660660660662,-0.09132779285235838,0.32102535595664944
1.6672672672672673,-0.09094310731170842,0.3194774508671907
1.6684684684684685,-0.09056027614708842,0.31793781199527055
1.6696696696696698,-0.09017928945741943,0.3164063922474263
1.6708708708708708,-0.08980013739802889,0.3148831448002606
1.672072072072072,-0.08942281018032693,0.31336802309908557
1.6732732732732734,-0.08904729807148466,0.31186098085657293
1.6744744744744744,-0.0886735913941136,0.31036197205140265
1.6756756756756757,-0.08830168052594696,0.30887095092691563
1.676876876876877,-0.08793155589952288,0.3073878719897707
1.678078078078078,-0.08756320800186851,0.3059126900086005
1.6792792792792794,-0.08719662737418625,0.3044453600126724
1.6804804804804805,-0.0868318046115417,0.3029858372905531
1.6816816816816815,-0.08646873036255265,0.3015340773887728
1.682882882882883,-0.0861073953290801,0.3000900361104953
1.684084084084084,-0.08574779026592136,0.29865366951419214
1.6852852852852853,-0.08538990598050315,0.2972249339123138
1.6864864864864866,-0.08503373333257797,0.295803785869971
1.6876876876876876,-0.08467926323392158,0.29439018220361723
1.6888888888888889,-0.08432648664803113,0.29298407997973047
1.6900900900900901,-0.08397539458982631,0.2915854365135047
1.6912912912912912,-0.08362597812535127,0.29019420936754153
1.6924924924924925,-0.08327822837147762,0.2888103563505431
1.6936936936936937,-0.08293213649561038,0.2874338355160145
1.6948948948948948,-0.08258769371539453,0.28606460516096577
1.6960960960960962,-0.0822448912984226,0.28470262382461564
1.6972972972972973,-0.08190372056194564,0.2833478502871062
1.6984984984984985,-0.08156417287258345,0.28200024356821274
1.6996996996996998,-0.08122623964603848,0.2806597629260656
1.7009009009009008,-0.08088991234680955,0.27932636785586906
1.702102102102102,-0.08055518248790822,0.2780000180886289
1.7033033033033034,-0.08022204163057628,0.276680673589882
1.7045045045045044,-0.07989048138400474,0.27536829455843087
1.7057057057057057,-0.07956049340505437,0.27406284142508114
1.706906906906907,-0.0792320693979777,0.2727642748513841
1.708108108108108,-0.0789052011141429,0.2714725557283844
1.7093093093093095,-0.07857988035175838,0.27018764517536903
1.7105105105105105,-0.07825609895559998,0.2689095045386251
1.7117117117117118,-0.07793384881673833,0.2676380953901964
1.712912912912913,-0.0776131218722692,0.26637337952665047
1.714114114114114,-0.0772939101050438,0.2651153189678444
1.7153153153153153,-0.07697620554340179,0.26386387595569916
1.7165165165165166,-0.07666000026090512,0.26261901295297674
1.7177177177177176,-0.0763452863760735,0.26138069264206154
1.718918918918919,-0.0760320560521213,0.2601488779237472
1.7201201201201202,-0.07572030149669576,0.2589235319160269
1.7213213213213212,-0.07541001496161737,0.2577046179528907
1.7225225225225225,-0.07510118874262031,0.25649209958312286
1.7237237237237237,-0.07479381517909578,0.2552859405691096
1.7249249249249248,-0.07448788665383627,0.2540861048856479
1.7261261261261263,-0.07418339559278006,0.25289255671875754
1.7273273273273273,-0.07388033446475989,0.25170526046450464
1.7285285285285286,-0.07357869578124955,0.25052418072782
1.7297297297297298,-0.07327847209611504,0.24934928232133208
1.7309309309309309,-0.07297965600536549,0.2481805302641993
1.7321321321321321,-0.07268224014690498,0.24701788978094535
1.7333333333333334,-0.07238621720028778,0.24586132630030674
1.7345345345345344,-0.07209157988647279,0.244710805454077
1.7357357357357357,-0.07179832096758072,0.24356629307596095
1.736936936936937,-0.07150643324665226,0.24242775520043217
1.738138138138138,-0.07121590956740753,0.24129515806159574
1.7393393393393395,-0.07092674281400661,0.24016846809205342
1.7405405405405405,-0.07063892591081289,0.2390476519217808
1.7417417417417418,-0.070352451822155,0.23793267637699791
1.742942942942943,-0.0700673135520932,0.23682350847905714
1.744144144144144,-0.06978350414418497,0.2357201154433271
1.7453453453453454,-0.06950101668125268,0.2346224646780856
1.7465465465465466,-0.06921984428515279,0.23353052378341696
1.7477477477477477,-0.06893998011654578,0.23244426055011314
1.748948948948949,-0.0686614173746679,0.23136364295858133
1.7501501501501502,-0.06838414929710401,0.23028863917775558
1.7513513513513512,-0.06810816915956186,0.2292192175640138
1.7525525525525527,-0.06783347027564739,0.22815534666009912
1.7537537537537538,-0.06756004599664199,0.22709699519404883
1.7549549549549548,-0.0672878897112798,0.2260441320781228
1.7561561561561563,-0.06701699484552753,0.22499672640774263
1.7573573573573573,-0.06674735486236542,0.22395474746043462
1.7585585585585586,-0.06647896326156826,0.22291816469477302
1.7597597597597598,-0.06621181357948937,0.2218869477493357
1.7609609609609609,-0.06594589938884446,0.22086106644165834
1.7621621621621621,-0.06568121429849745,0.2198404907671973
1.7633633633633634,-0.06541775195324771,0.2188251908982973
1.7645645645645645,-0.06515550603361751,0.2178151371831614
1.7657657657657657,-0.06489447025564211,0.21681030014482977
1.766966966966967,-0.06463463837065984,0.21581065048016013
1.768168168168168,-0.06437600416510417,0.21481615905881532
1.7693693693693695,-0.06411856146029662,0.21382679692225479
1.7705705705705705,-0.0638623041122413,0.21284253528273223
1.7717717717717718,-0.0636072260114198,0.21186334552229574
1.772972972972973,-0.0633533210825884,0.2108891991917961
1.7741741741741741,-0.06310058328457545,0.20992006800989751
1.7753753753753754,-0.06284900661008072,0.208955923862095
1.7765765765765766,-0.06259858508547533,0.20799673879973515
1.7777777777777777,-0.06234931277060339,0.20704248503904393
1.778978978978979,-0.06210118375858423,0.2060931349601568
1.7801801801801802,-0.061854192175616246,0.2051486611061559
1.7813813813813812,-0.061608332180781794,0.2042090361821115
1.7825825825825827,-0.06136359796585306,0.20327423305412787
1.7837837837837838,-0.061119983755099416,0.2023442247483951
1.784984984984985,-0.06087748380509529,0.20141898445024395
1.7861861861861863,-0.06063609240452989,0.20049848550320779
1.7873873873873873,-0.060395803874017835,0.19958270140808876
1.7885885885885886,-0.060156612565910345,0.19867160582202698
1.7897897897897899,-0.059918512864108465,0.19776517255757753
1.790990990990991,-0.0596814991838767,0.19686337558179026
1.7921921921921922,-0.05944556597165803,0.19596618901529492
1.7933933933933934,-0.059210707704889974,0.19507358713139128
1.7945945945945945,-0.058976918891821814,0.19418554435514443
1.795795795795796,-0.05874419407133265,0.1933020352624833
1.796996996996997,-0.05851252781275096,0.19242303457930646
1.798198198198198,-0.058281914715674905,0.1915485171805907
1.7993993993993995,-0.05805234940979348,0.19067845808950395
1.8006006006006006,-0.0578238265547098,0.1898128324765268
1.8018018018018018,-0.05759634083976373,0.1889516156585725
1.803003003003003,-0.05736988698385726,0.18809478309811778
1.8042042042042041,-0.05714445973527984,0.18724231040233466
1.8054054054054054,-0.056920053871534995,0.1863941733222276
1.8066066066066067,-0.05669666419916839,0.1855503477517767
1.8078078078078077,-0.0564742855535964,0.18471080972708429
1.809009009009009,-0.0562529127989358,0.1838755354255258
1.8102102102102102,-0.05603254082783484,0.18304450116490703
1.8114114114114115,-0.05581316456130487,0.1822176834026244
1.8126126126126125,-0.05559477894855333,0.18139505873483064
1.8138138138138138,-0.05537737896681722,0.18057660389560387
1.815015015015015,-0.055160959621198394,0.1797622957561237
1.8162162162162163,-0.05494551594449912,0.17895211132384956
1.8174174174174174,-0.05473104299705878,0.1781460277417041
1.8186186186186186,-0.05451753586659182,0.17734402228726184
1.8198198198198199,-0.054304989668026445,0.17654607237194217
1.821021021021021,-0.054093399543344266,0.17575215554020607
1.8222222222222222,-0.05388276066142098,0.17496224946875766
1.8234234234234235,-0.05367306821786811,0.1741763319657513
1.8246246246246247,-0.05346431743487544,0.1733943809700013
1.8258258258258258,-0.05325650356105468,0.17261637455019757
1.827027027027027,-0.05304962187128364,0.17184229090412426
1.8282282282282283,-0.052843667666552005,0.1710721083578847
1.8294294294294293,-0.05263863627380753,0.1703058053651292
1.8306306306306306,-0.052434523045803094,0.16954336050628727
1.8318318318318318,-0.052231323360945096,0.16878475248780492
1.833033033033033,-0.052029032623142506,0.16802996014138608
1.8342342342342342,-0.05182764626165684,0.16727896242323817
1.8354354354354354,-0.05162715973095292,0.1665317384133214
1.8366366366366367,-0.05142756851055087,0.1657882673146036
1.837837837837838,-0.051228868104878804,0.16504852845231874
1.839039039039039,-0.05103105404312626,0.16431250127322908
1.8402402402402402,-0.05083412187909861,0.1635801653448918
1.8414414414414415,-0.05063806719107267,0.16285150035493112
1.8426426426426425,-0.050442885581652774,0.16212648611031308
1.8438438438438438,-0.0502485726776277,0.16140510253662443
1.845045045045045,-0.050055124129828835,0.1606873296773571
1.8462462462462463,-0.049862535612988895,0.1599731476931956
1.8474474474474474,-0.049670802825601566,0.15926253686130873
1.8486486486486486,-0.04947992148978199,0.1585554775746456
1.84984984984985,-0.04928988735112815,0.1578519503412359
1.851051051051051,-0.0491006961785831,0.15715193578349396
1.8522522522522522,-0.048912343764297775,0.1564554146375262
1.8534534534534535,-0.048724825923495085,0.15576236775244431
1.8546546546546547,-0.04853813849433448,0.15507277608968095
1.8558558558558558,-0.048352277337777444,0.15438662072230994
1.857057057057057,-0.04816723833745377,0.1537038828343702
1.8582582582582583,-0.04798301739952864,0.15302454372019403
1.8594594594594596,-0.047799610452570744,0.1523485847837395
1.8606606606606606,-0.04761701344742076,0.15167598753792583
1.8618618618618619,-0.04743522235706092,0.1510067336039731
1.8630630630630631,-0.04725423317648544,0.15034080471074684
1.8642642642642642,-0.04707404192257146,0.1496781826941047
1.8654654654654654,-0.04689464463395096,0.14901884949624825
1.8666666666666667,-0.046716037370883465,0.14836278716507822
1.867867867867868,-0.04653821621512946,0.1477099778535539
1.869069069069069,-0.04636117726982446,0.1470604038190551
1.8702702702702703,-0.04618491665935406,0.14641404742274958
1.8714714714714715,-0.046009430529229615,0.14577089112896288
1.8726726726726726,-0.04583471504596478,0.14513091750455306
1.8738738738738738,-0.045660766396952525,0.14449410921828748
1.875075075075075,-0.04548758079034332,0.14386044904022546
1.8762762762762764,-0.0453151544549237,0.1432299198411025
1.8774774774774774,-0.04514348363999578,0.14260250459171991
1.8786786786786787,-0.04497256461525722,0.1419781863623364
1.87987987987988,-0.04480239367068249,0.14135694832206516
1.8810810810810812,-0.044632967116404104,0.14073877373827282
1.8822822822822822,-0.04446428128259525,0.14012364597598326
1.8834834834834835,-0.044296332519352576,0.13951154849728387
1.8846846846846848,-0.04412911719658015,0.13890246486073649
1.8858858858858858,-0.043962631703873954,0.13829637872079137
1.887087087087087,-0.04379687245040683,0.13769327382720412
1.8882882882882883,-0.043631835864814526,0.137093134024457
1.8894894894894896,-0.04346751839508223,0.13649594325118347
1.8906906906906906,-0.043303916508431864,0.1359016855395961
1.8918918918918919,-0.043141026691209824,0.13531034501491726
1.8930930930930931,-0.042978845448775796,0.13472190589481461
1.8942942942942942,-0.04281736930539202,0.13413635248883904
1.8954954954954955,-0.04265659480411316,0.13355366919786593
1.8966966966966967,-0.042496518506676975,0.1329738405135404
1.897897897897898,-0.04233713699339569,0.13239685101772544
1.899099099099099,-0.04217844686304796,0.13182268538195382
1.9003003003003003,-0.0420204447327713,0.13125132836688225
1.9015015015015015,-0.041863127237955544,0.13068276482175029
1.9027027027027028,-0.04170649103213672,0.13011697968384153
1.9039039039039038,-0.04155053278689163,0.12955395797794866
1.9051051051051051,-0.04139524919173289,0.12899368481584078
1.9063063063063064,-0.04124063695400504,0.12843614539573553
1.9075075075075074,-0.04108669279878087,0.12788132500177307
1.9087087087087087,-0.040933413468758416,0.12732920900349323
1.90990990990991,-0.04078079572415893,0.12677978285531735
1.9111111111111112,-0.04062883634262506,0.1262330320960315
1.9123123123123122,-0.04047753211911995,0.12568894234827405
1.9135135135135135,-0.04032687986582652,0.12514749931802494
1.9147147147147148,-0.040176876412048146,0.12460868879410057
1.9159159159159158,-0.04002751860410908,0.1240724966476491
1.917117117117117,-0.03987880330525591,0.12353890883164993
1.9183183183183183,-0.03973072739555972,0.1230079113804169
1.9195195195195196,-0.03958328777181858,0.12247949040910358
1.9207207207207206,-0.03943648134746071,0.12195363211321163
1.921921921921922,-0.03929030505244825,0.12143032276810259
1.9231231231231232,-0.0391447558331818,0.12090954872851278
1.9243243243243242,-0.03899983065240517,0.1203912964280706
1.9255255255255255,-0.038855526489110934,0.11987555237881689
1.9267267267267267,-0.0387118403384466,0.11936230317072871
1.927927927927928,-0.03856876921162126,0.11885153547124572
1.929129129129129,-0.038426310135812804,0.11834323602479938
1.9303303303303303,-0.038284460154075634,0.1178373916523448
1.9315315315315316,-0.03814321632524921,0.11733398925089647
1.9327327327327328,-0.03800257572386682,0.11683301579306574
1.9339339339339339,-0.03786253544006512,0.11633445832660169
1.9351351351351351,-0.03772309257949408,0.11583830397393446
1.9363363363363364,-0.03758424426322762,0.11534453993172204
1.9375375375375374,-0.03744598762767476,0.11485315347039936
1.9387387387387387,-0.037308319824491065,0.11436413193372963
1.93993993993994,-0.03717123802049106,0.11387746273835994
1.9411411411411412,-0.03703473939756085,0.11339313337337813
1.9423423423423423,-0.036898821152571405,0.11291113139987337
1.9435435435435435,-0.03676348049729219,0.11243144445049821
1.9447447447447448,-0.036628714658305694,0.11195406022903535
1.9459459459459458,-0.03649452087692214,0.11147896650996515
1.947147147147147,-0.03636089640909468,0.11100615113803629
1.9483483483483484,-0.03622783852533546,0.11053560202784013
1.9495495495495496,-0.03609534451063199,0.11006730716338664
1.9507507507507507,-0.03596341166436381,0.10960125459768293
1.951951951951952,-0.035832037300219916,0.10913743245231464
1.9531531531531532,-0.03570121874611686,0.1086758289170306
1.9543543543543545,-0.0355709533441168,0.10821643224932874
1.9555555555555555,-0.03544123845034663,0.10775923077404569
1.9567567567567568,-0.03531207143491712,0.10730421288294795
1.957957957957958,-0.03518344968184294,0.1068513670343267
1.959159159159159,-0.03505537058896291,0.10640068175259415
1.9603603603603603,-0.0349278315678608,0.1059521456278828
1.9615615615615616,-0.03480083004378667,0.10550574731564723
1.9627627627627628,-0.034674363455578665,0.1050614755362684
1.9639639639639639,-0.03454842925558519,0.10461931907465999
1.9651651651651652,-0.03442302490958763,0.10417926677987747
1.9663663663663664,-0.034298147896723606,0.10374130756472989
1.9675675675675675,-0.03417379570941061,0.10330543040539365
1.9687687687687687,-0.03404996585327006,0.10287162434102863
1.96996996996997,-0.03392665584705192,0.10243987847339697
1.9711711711711712,-0.03380386322255972,0.10201018196648418
1.9723723723723723,-0.033681585524576084,0.10158252404612267
1.9735735735735735,-0.03355982031078853,0.10115689399961694
1.9747747747747748,-0.033438565151716046,0.10073328117537235
1.975975975975976,-0.03331781763063574,0.10031167498252487
1.9771771771771771,-0.03319757534351023,0.09989206489057423
1.9783783783783784,-0.033077835898915275,0.0994744404290185
1.9795795795795796,-0.03295859691796799,0.0990587911869915
1.9807807807807807,-0.032839856034255446,0.09864510681290253
1.981981981981982,-0.03272161089376352,0.09823337701407736
1.9831831831831832,-0.03260385915480653,0.09782359155640279
1.9843843843843845,-0.032486598487957,0.0974157402639727
1.9855855855855855,-0.032369826575976056,0.09700981301873654
1.9867867867867868,-0.03225354111374394,0.09660579976014921
1.987987987987988,-0.03213773980819134,0.09620369048482451
1.989189189189189,-0.03202242037823092,0.09580347524619008
1.9903903903903903,-0.03190758055468912,0.09540514415414361
1.9915915915915916,-0.03179321808023867,0.09500868737471284
1.9927927927927929,-0.0316793307093314,0.09461409512971657
1.993993993993994,-0.0315659162081313,0.09422135769642798
1.9951951951951952,-0.031452972354448196,0.09383046540724017
1.9963963963963964,-0.03134049693767167,0.09344140864933373
1.9975975975975977,-0.03122848775870559,0.09305417786434662
1.9987987987987987,-0.031116942629902736,0.09266876354804564
2.0,-0.031005859374999993,0.09228515624999997
